{
  "config": {
    "n_folds": 1,
    "small_gpu": true
  },
  "fold_results": {
    "llm_only": [
      {
        "accuracy": 0.7456140350877193,
        "precision": 0.717948717948718,
        "recall": 0.8888888888888888,
        "f1": 0.7943262411347518,
        "roc_auc": 0.8132586367880486
      }
    ],
    "vggish_gru": [
      {
        "accuracy": 0.7456140350877193,
        "precision": 0.717948717948718,
        "recall": 0.8888888888888888,
        "f1": 0.7943262411347518,
        "roc_auc": 0.8185496420790539
      }
    ],
    "custom_acoustic": [
      {
        "accuracy": 0.7719298245614035,
        "precision": 0.7534246575342466,
        "recall": 0.873015873015873,
        "f1": 0.8088235294117647,
        "roc_auc": 0.8247743541861189
      }
    ]
  },
  "summary": {
    "llm_only": {
      "accuracy": {
        "mean": 0.7456140350877193,
        "std": 0.0
      },
      "precision": {
        "mean": 0.717948717948718,
        "std": 0.0
      },
      "recall": {
        "mean": 0.8888888888888888,
        "std": 0.0
      },
      "f1": {
        "mean": 0.7943262411347518,
        "std": 0.0
      },
      "roc_auc": {
        "mean": 0.8132586367880486,
        "std": 0.0
      }
    },
    "vggish_gru": {
      "accuracy": {
        "mean": 0.7456140350877193,
        "std": 0.0
      },
      "precision": {
        "mean": 0.717948717948718,
        "std": 0.0
      },
      "recall": {
        "mean": 0.8888888888888888,
        "std": 0.0
      },
      "f1": {
        "mean": 0.7943262411347518,
        "std": 0.0
      },
      "roc_auc": {
        "mean": 0.8185496420790539,
        "std": 0.0
      }
    },
    "custom_acoustic": {
      "accuracy": {
        "mean": 0.7719298245614035,
        "std": 0.0
      },
      "precision": {
        "mean": 0.7534246575342466,
        "std": 0.0
      },
      "recall": {
        "mean": 0.873015873015873,
        "std": 0.0
      },
      "f1": {
        "mean": 0.8088235294117647,
        "std": 0.0
      },
      "roc_auc": {
        "mean": 0.8247743541861189,
        "std": 0.0
      }
    }
  },
  "timestamp": "2025-12-29T14:08:08.433744"
}